system:index,B2,B3,B4,.geo
1_0_0,822,1108,1742,"{""geodesic"":false,""type"":""Point"",""coordinates"":[-41.4986741433321,-12.598777562686971]}"
1_1_0,852,1046,1608,"{""geodesic"":false,""type"":""Point"",""coordinates"":[-41.49858347268322,-12.598686097954348]}"
1_2_0,1016,1728,2812,"{""geodesic"":false,""type"":""Point"",""coordinates"":[-41.49794141975282,-12.598587404534731]}"
1_3_0,484,724,992,"{""geodesic"":false,""type"":""Point"",""coordinates"":[-41.498022276160455,-12.59940094959045]}"
1_4_0,572,949,1532,"{""geodesic"":false,""type"":""Point"",""coordinates"":[-41.497386356953584,-12.59885095461497]}"
1_5_0,546,908,1100,"{""geodesic"":false,""type"":""Point"",""coordinates"":[-41.497205016837825,-12.598668024487317]}"
1_6_0,1180,1732,2274,"{""geodesic"":false,""type"":""Point"",""coordinates"":[-41.49958821075111,-12.599150648201235]}"
1_7_0,608,828,1266,"{""geodesic"":false,""type"":""Point"",""coordinates"":[-41.49949631336354,-12.599149443825299]}"
1_8_0,581,803,956,"{""geodesic"":false,""type"":""Point"",""coordinates"":[-41.49968133431736,-12.599061592364132]}"
1_9_0,2230,2858,2810,"{""geodesic"":false,""type"":""Point"",""coordinates"":[-41.49655437471137,-12.59920114705913]}"
1_10_0,420,744,896,"{""geodesic"":false,""type"":""Point"",""coordinates"":[-41.495545962299715,-12.599007366112076]}"
1_11_0,1570,1912,2368,"{""geodesic"":false,""type"":""Point"",""coordinates"":[-41.49674921344273,-12.598391218722172]}"
1_12_0,1246,1628,2336,"{""geodesic"":false,""type"":""Point"",""coordinates"":[-41.496740623349666,-12.599023038018721]}"
1_13_0,540,822,896,"{""geodesic"":false,""type"":""Point"",""coordinates"":[-41.497102076262955,-12.599479158727933]}"
1_14_0,654,963,1498,"{""geodesic"":false,""type"":""Point"",""coordinates"":[-41.495091388696316,-12.598640298087632]}"
1_15_0,660,893,1128,"{""geodesic"":false,""type"":""Point"",""coordinates"":[-41.49625290658453,-12.60109298740531]}"
1_16_0,1018,1548,2186,"{""geodesic"":false,""type"":""Point"",""coordinates"":[-41.49597844102234,-12.600999110387285]}"
1_17_0,674,968,1074,"{""geodesic"":false,""type"":""Point"",""coordinates"":[-41.49634357680314,-12.601184452922865]}"
1_18_0,1080,1224,1446,"{""geodesic"":false,""type"":""Point"",""coordinates"":[-41.49680429328499,-12.601100220972924]}"
1_19_0,1088,1352,1434,"{""geodesic"":false,""type"":""Point"",""coordinates"":[-41.4983958763092,-12.605725176458815]}"
1_20_0,628,1076,982,"{""geodesic"":false,""type"":""Point"",""coordinates"":[-41.49866912080873,-12.605909312557635]}"
1_21_0,611,974,1082,"{""geodesic"":false,""type"":""Point"",""coordinates"":[-41.498300294705366,-12.60599475106271]}"
1_22_0,421,756,753,"{""geodesic"":false,""type"":""Point"",""coordinates"":[-41.49904530904296,-12.605282313019247]}"
1_23_0,1346,1454,1944,"{""geodesic"":false,""type"":""Point"",""coordinates"":[-41.497476880612,-12.60571312100617]}"
1_24_0,618,856,1078,"{""geodesic"":false,""type"":""Point"",""coordinates"":[-41.502307108567166,-12.608755571675596]}"
1_25_0,725,1028,1266,"{""geodesic"":false,""type"":""Point"",""coordinates"":[-41.50083423896302,-12.608916818859656]}"
1_26_0,799,1206,2036,"{""geodesic"":false,""type"":""Point"",""coordinates"":[-41.500377187907404,-12.608730273852451]}"
1_27_0,782,1250,1976,"{""geodesic"":false,""type"":""Point"",""coordinates"":[-41.500472769334884,-12.608460698242489]}"
1_28_0,1318,1264,1540,"{""geodesic"":false,""type"":""Point"",""coordinates"":[-41.50038086854224,-12.608459493296028]}"
1_29_0,1302,1736,2430,"{""geodesic"":false,""type"":""Point"",""coordinates"":[-41.501288837620415,-12.609283883794124]}"
1_30_0,1050,1116,1758,"{""geodesic"":false,""type"":""Point"",""coordinates"":[-41.50165153630329,-12.609649743664315]}"
1_31_0,1702,2096,2548,"{""geodesic"":false,""type"":""Point"",""coordinates"":[-41.50119570978802,-12.609372939310758]}"
1_32_0,676,990,1804,"{""geodesic"":false,""type"":""Point"",""coordinates"":[-41.50118957631687,-12.609824240598662]}"
1_33_0,893,1226,1294,"{""geodesic"":false,""type"":""Point"",""coordinates"":[-41.500461727462415,-12.60927303997226]}"
1_34_0,994,1302,1658,"{""geodesic"":false,""type"":""Point"",""coordinates"":[-41.50247496993348,-12.609931365263776]}"
1_35_0,723,1066,1282,"{""geodesic"":false,""type"":""Point"",""coordinates"":[-41.50285238498568,-12.60921409918818]}"
1_36_0,1378,1796,2410,"{""geodesic"":false,""type"":""Point"",""coordinates"":[-41.5015682207329,-12.609016716944138]}"
1_37_0,856,1236,1574,"{""geodesic"":false,""type"":""Point"",""coordinates"":[-41.500374734103346,-12.608910794219774]}"
1_38_0,1744,2010,2546,"{""geodesic"":false,""type"":""Point"",""coordinates"":[-41.50293202539296,-12.61011790761791]}"
1_39_0,1330,1652,2070,"{""geodesic"":false,""type"":""Point"",""coordinates"":[-41.49998381491625,-12.610620916609262]}"
1_40_0,1404,1628,1860,"{""geodesic"":false,""type"":""Point"",""coordinates"":[-41.499889458877966,-12.61080023153954]}"
1_41_0,1684,2016,2756,"{""geodesic"":false,""type"":""Point"",""coordinates"":[-41.502829087858196,-12.610929047055656]}"
1_42_0,958,1560,2454,"{""geodesic"":false,""type"":""Point"",""coordinates"":[-41.50163436383117,-12.610913387817039]}"
1_43_0,871,1252,1356,"{""geodesic"":false,""type"":""Point"",""coordinates"":[-41.49979264801912,-12.611160066624015]}"
1_44_0,1486,1806,2940,"{""geodesic"":false,""type"":""Point"",""coordinates"":[-41.50219558625126,-12.610198533036804]}"
1_45_0,845,1316,2008,"{""geodesic"":false,""type"":""Point"",""coordinates"":[-41.50201055662414,-12.610286384303581]}"
1_46_0,1036,1498,1808,"{""geodesic"":false,""type"":""Point"",""coordinates"":[-41.501432158172385,-12.61226488225546]}"
1_47_0,2280,2776,3428,"{""geodesic"":false,""type"":""Point"",""coordinates"":[-41.50142970439696,-12.612445402779718]}"
1_48_0,596,975,1536,"{""geodesic"":false,""type"":""Point"",""coordinates"":[-41.50142356979221,-12.612896704077658]}"
1_49_0,849,1032,998,"{""geodesic"":false,""type"":""Point"",""coordinates"":[-41.50095914904981,-12.613251719429753]}"
1_50_0,460,794,1106,"{""geodesic"":false,""type"":""Point"",""coordinates"":[-41.50123608379598,-12.613165074690738]}"
1_51_0,868,1218,1664,"{""geodesic"":false,""type"":""Point"",""coordinates"":[-41.49875594630175,-12.61304226524046]}"
1_52_0,534,861,1402,"{""geodesic"":false,""type"":""Point"",""coordinates"":[-41.500688350312224,-12.612887062907276]}"
1_53_0,520,940,1344,"{""geodesic"":false,""type"":""Point"",""coordinates"":[-41.497743793748015,-12.613119257766197]}"
1_54_0,694,1098,1570,"{""geodesic"":false,""type"":""Point"",""coordinates"":[-41.496735327441634,-12.612925466877824]}"
1_55_0,1054,1330,1620,"{""geodesic"":false,""type"":""Point"",""coordinates"":[-41.492616599993866,-12.61837816711149]}"
1_56_0,948,1202,2170,"{""geodesic"":false,""type"":""Point"",""coordinates"":[-41.49142185454046,-12.618362453090832]}"
1_57_0,1238,1592,2004,"{""geodesic"":false,""type"":""Point"",""coordinates"":[-41.49445713292501,-12.618221813036884]}"
1_58_0,500,836,1360,"{""geodesic"":false,""type"":""Point"",""coordinates"":[-41.49426348539014,-12.618941473341865]}"
1_59_0,1038,1398,1570,"{""geodesic"":false,""type"":""Point"",""coordinates"":[-41.49297560089736,-12.619014816919922]}"
1_60_0,738,1080,1106,"{""geodesic"":false,""type"":""Point"",""coordinates"":[-41.49180177658174,-12.617464695844017]}"
1_61_0,702,1108,1192,"{""geodesic"":false,""type"":""Point"",""coordinates"":[-41.49188998746642,-12.617736682492257]}"
1_62_0,1206,1874,2866,"{""geodesic"":false,""type"":""Point"",""coordinates"":[-41.4940981283742,-12.617585164521886]}"
1_63_0,625,948,1120,"{""geodesic"":false,""type"":""Point"",""coordinates"":[-41.49381872787207,-12.61785231889899]}"
1_64_0,543,930,1096,"{""geodesic"":false,""type"":""Point"",""coordinates"":[-41.4935528587705,-12.617126618746083]}"
1_65_0,485,854,1158,"{""geodesic"":false,""type"":""Point"",""coordinates"":[-41.49795166564287,-12.624857868169855]}"
1_66_0,411,658,790,"{""geodesic"":false,""type"":""Point"",""coordinates"":[-41.49822738488058,-12.624861490044664]}"
1_67_0,889,1182,1650,"{""geodesic"":false,""type"":""Point"",""coordinates"":[-41.499047169065236,-12.625413913638374]}"
1_68_0,602,976,1332,"{""geodesic"":false,""type"":""Point"",""coordinates"":[-41.497119589756785,-12.625208039878808]}"
1_69_0,534,784,897,"{""geodesic"":false,""type"":""Point"",""coordinates"":[-41.48788460262941,-12.628336435068382]}"
1_70_0,838,1324,1774,"{""geodesic"":false,""type"":""Point"",""coordinates"":[-41.48659420941544,-12.62859025225263]}"
1_71_0,446,795,850,"{""geodesic"":false,""type"":""Point"",""coordinates"":[-41.486693517997104,-12.628049911499218]}"
1_72_0,648,1028,965,"{""geodesic"":false,""type"":""Point"",""coordinates"":[-41.4893526446839,-12.628536327124838]}"
1_73_0,682,950,1094,"{""geodesic"":false,""type"":""Point"",""coordinates"":[-41.487139481464204,-12.629048815113437]}"
1_74_0,678,1014,1026,"{""geodesic"":false,""type"":""Point"",""coordinates"":[-41.48806841593771,-12.628338857271633]}"
1_75_0,916,1208,1690,"{""geodesic"":false,""type"":""Point"",""coordinates"":[-41.49113163169534,-12.632892972551739]}"
1_76_0,3132,3420,3220,"{""geodesic"":false,""type"":""Point"",""coordinates"":[-41.49196250620713,-12.632633087651739]}"
1_77_0,762,1152,1610,"{""geodesic"":false,""type"":""Point"",""coordinates"":[-41.49140735751904,-12.63289660374147]}"
1_78_0,516,600,778,"{""geodesic"":false,""type"":""Point"",""coordinates"":[-41.491127933958815,-12.633163749921538]}"
1_79_0,682,1100,1448,"{""geodesic"":false,""type"":""Point"",""coordinates"":[-41.490388966150626,-12.633424842295451]}"
1_80_0,884,1238,1750,"{""geodesic"":false,""type"":""Point"",""coordinates"":[-41.490847277097494,-12.633521154743292]}"
1_81_0,462,728,756,"{""geodesic"":false,""type"":""Point"",""coordinates"":[-41.49077878902755,-12.631805021407379]}"
1_82_0,547,905,946,"{""geodesic"":false,""type"":""Point"",""coordinates"":[-41.48986463932702,-12.6314318791614]}"
1_83_0,1132,1448,1760,"{""geodesic"":false,""type"":""Point"",""coordinates"":[-41.48904240072386,-12.631059945469904]}"
1_84_0,1286,1460,1694,"{""geodesic"":false,""type"":""Point"",""coordinates"":[-41.489135541536434,-12.630970897502257]}"
1_85_0,772,1210,1460,"{""geodesic"":false,""type"":""Point"",""coordinates"":[-41.491341329307176,-12.630999951229628]}"
1_86_0,443,670,904,"{""geodesic"":false,""type"":""Point"",""coordinates"":[-41.49069920649398,-12.630901220007505]}"
1_87_0,420,731,818,"{""geodesic"":false,""type"":""Point"",""coordinates"":[-41.4891404737444,-12.630609861723407]}"
1_88_0,2012,2094,2280,"{""geodesic"":false,""type"":""Point"",""coordinates"":[-41.4910742320783,-12.630364506574592]}"
1_89_0,1058,1272,1466,"{""geodesic"":false,""type"":""Point"",""coordinates"":[-41.49061839120229,-12.630087677775546]}"
1_90_0,1172,1632,3136,"{""geodesic"":false,""type"":""Point"",""coordinates"":[-41.49108655490078,-12.629461915180068]}"
1_91_0,830,1150,1378,"{""geodesic"":false,""type"":""Point"",""coordinates"":[-41.48879503885745,-12.628980357305709]}"
1_92_0,769,1198,1388,"{""geodesic"":false,""type"":""Point"",""coordinates"":[-41.48989669051155,-12.62908514462825]}"
1_93_0,602,896,869,"{""geodesic"":false,""type"":""Point"",""coordinates"":[-41.48953029488047,-12.628990043338524]}"
1_94_0,1118,1306,1708,"{""geodesic"":false,""type"":""Point"",""coordinates"":[-41.49009159731477,-12.628275234126678]}"
1_95_0,510,951,1276,"{""geodesic"":false,""type"":""Point"",""coordinates"":[-41.49100573755659,-12.62864837279099]}"
1_96_0,672,966,949,"{""geodesic"":false,""type"":""Point"",""coordinates"":[-41.49063564473478,-12.628824050397007]}"
1_97_0,1454,2104,3084,"{""geodesic"":false,""type"":""Point"",""coordinates"":[-41.490282805243375,-12.62773610035168]}"
1_98_0,568,890,1228,"{""geodesic"":false,""type"":""Point"",""coordinates"":[-41.48898994874991,-12.628170448500985]}"
1_99_0,677,991,1230,"{""geodesic"":false,""type"":""Point"",""coordinates"":[-41.490560989762784,-12.627559212753445]}"
1_100_0,732,924,1084,"{""geodesic"":false,""type"":""Point"",""coordinates"":[-41.49011747695667,-12.626379793824416]}"
1_101_0,761,1244,1324,"{""geodesic"":false,""type"":""Point"",""coordinates"":[-41.49038826675436,-12.626744460601829]}"
1_102_0,592,1142,1548,"{""geodesic"":false,""type"":""Point"",""coordinates"":[-41.48973876044845,-12.627187284128942]}"
1_103_0,664,1208,1654,"{""geodesic"":false,""type"":""Point"",""coordinates"":[-41.48863834982785,-12.62699223938073]}"
1_104_0,530,822,898,"{""geodesic"":false,""type"":""Point"",""coordinates"":[-41.49086874188373,-12.625216105358488]}"
1_105_0,716,1094,1280,"{""geodesic"":false,""type"":""Point"",""coordinates"":[-41.49078669107955,-12.62449282237521]}"
1_106_0,1590,1576,1474,"{""geodesic"":false,""type"":""Point"",""coordinates"":[-41.49142510369661,-12.624862326837837]}"
1_107_0,686,1114,1506,"{""geodesic"":false,""type"":""Point"",""coordinates"":[-41.49194004008124,-12.620806707319053]}"
1_108_0,780,1072,1428,"{""geodesic"":false,""type"":""Point"",""coordinates"":[-41.49121342452883,-12.620165219582328]}"
1_109_0,1086,1422,1774,"{""geodesic"":false,""type"":""Point"",""coordinates"":[-41.493246390632486,-12.619379479974253]}"
1_110_0,745,1210,1590,"{""geodesic"":false,""type"":""Point"",""coordinates"":[-41.49443499280765,-12.619846484750687]}"
1_111_0,550,1032,1394,"{""geodesic"":false,""type"":""Point"",""coordinates"":[-41.49129055324986,-12.62124953945471]}"
1_112_0,621,1088,1508,"{""geodesic"":false,""type"":""Point"",""coordinates"":[-41.49074282125214,-12.620971505633628]}"
1_113_0,1160,1634,2504,"{""geodesic"":false,""type"":""Point"",""coordinates"":[-41.49057009636203,-12.620156754289905]}"
1_114_0,570,786,1068,"{""geodesic"":false,""type"":""Point"",""coordinates"":[-41.4944251517657,-12.620568560992329]}"
1_115_0,708,1104,804,"{""geodesic"":false,""type"":""Point"",""coordinates"":[-41.49451213566822,-12.620930807265232]}"
1_116_0,2974,3564,3600,"{""geodesic"":false,""type"":""Point"",""coordinates"":[-41.49096233748699,-12.618356407818549]}"
1_117_0,650,1050,1274,"{""geodesic"":false,""type"":""Point"",""coordinates"":[-41.4904109173372,-12.618349152451815]}"
1_118_0,1650,1926,2558,"{""geodesic"":false,""type"":""Point"",""coordinates"":[-41.49427209558517,-12.618309656666193]}"
1_119_0,941,1300,2144,"{""geodesic"":false,""type"":""Point"",""coordinates"":[-41.494726694779416,-12.618676734504186]}"
2_0_0,453,874,624,"{""geodesic"":false,""type"":""Point"",""coordinates"":[-41.487888302318936,-12.6280656585471]}"
2_1_0,349,630,464,"{""geodesic"":false,""type"":""Point"",""coordinates"":[-41.487052509005245,-12.628686568622435]}"
2_2_0,310,623,429,"{""geodesic"":false,""type"":""Point"",""coordinates"":[-41.48953892377712,-12.6283582303558]}"
2_3_0,277,576,319,"{""geodesic"":false,""type"":""Point"",""coordinates"":[-41.48697417138314,-12.627692510891873]}"
2_4_0,364,684,487,"{""geodesic"":false,""type"":""Point"",""coordinates"":[-41.487895701440515,-12.627524105484884]}"
2_5_0,292,586,382,"{""geodesic"":false,""type"":""Point"",""coordinates"":[-41.48817265360756,-12.627437479628236]}"
2_6_0,423,988,539,"{""geodesic"":false,""type"":""Point"",""coordinates"":[-41.49424175103003,-12.634017222486435]}"
2_7_0,446,1038,506,"{""geodesic"":false,""type"":""Point"",""coordinates"":[-41.49514853140616,-12.634931910733982]}"
2_8_0,224,491,241,"{""geodesic"":false,""type"":""Point"",""coordinates"":[-41.496355667514756,-12.634045032136338]}"
2_9_0,229,449,230,"{""geodesic"":false,""type"":""Point"",""coordinates"":[-41.496097171276354,-12.632777771305337]}"
2_10_0,281,570,390,"{""geodesic"":false,""type"":""Point"",""coordinates"":[-41.49120258586567,-12.634428588140475]}"
2_11_0,258,505,368,"{""geodesic"":false,""type"":""Point"",""coordinates"":[-41.49305678662568,-12.633279422157441]}"
2_12_0,376,986,513,"{""geodesic"":false,""type"":""Point"",""coordinates"":[-41.48720548174135,-12.630945460584691]}"
2_13_0,340,608,446,"{""geodesic"":false,""type"":""Point"",""coordinates"":[-41.48682181061302,-12.632113977178054]}"
2_14_0,306,600,366,"{""geodesic"":false,""type"":""Point"",""coordinates"":[-41.48902390296072,-12.632413829391995]}"
2_15_0,310,648,309,"{""geodesic"":false,""type"":""Point"",""coordinates"":[-41.483417519666446,-12.632339892069194]}"
2_16_0,275,537,306,"{""geodesic"":false,""type"":""Point"",""coordinates"":[-41.48355018314227,-12.629362577952266]}"
2_17_0,242,496,286,"{""geodesic"":false,""type"":""Point"",""coordinates"":[-41.4847024344729,-12.625766787060085]}"
2_18_0,264,534,302,"{""geodesic"":false,""type"":""Point"",""coordinates"":[-41.48581023488642,-12.625420294007863]}"
2_19_0,270,560,293,"{""geodesic"":false,""type"":""Point"",""coordinates"":[-41.48619389188412,-12.624251776977095]}"
2_20_0,375,716,436,"{""geodesic"":false,""type"":""Point"",""coordinates"":[-41.48288161361099,-12.624478923793978]}"
2_21_0,305,666,350,"{""geodesic"":false,""type"":""Point"",""coordinates"":[-41.488197847267635,-12.618861673254212]}"
2_22_0,322,710,384,"{""geodesic"":false,""type"":""Point"",""coordinates"":[-41.486700274257835,-12.620828000322462]}"
2_23_0,263,587,324,"{""geodesic"":false,""type"":""Point"",""coordinates"":[-41.4903702775472,-12.621327704079885]}"
2_24_0,304,610,334,"{""geodesic"":false,""type"":""Point"",""coordinates"":[-41.49069647710695,-12.617630706821576]}"
2_25_0,247,718,354,"{""geodesic"":false,""type"":""Point"",""coordinates"":[-41.49460806031287,-12.613890561456229]}"
2_26_0,251,634,351,"{""geodesic"":false,""type"":""Point"",""coordinates"":[-41.496089555884616,-12.61309753913519]}"
2_27_0,394,686,558,"{""geodesic"":false,""type"":""Point"",""coordinates"":[-41.48696912507303,-12.614602563509088]}"
2_28_0,332,544,456,"{""geodesic"":false,""type"":""Point"",""coordinates"":[-41.49020907710923,-12.612929975506272]}"
2_29_0,417,706,621,"{""geodesic"":false,""type"":""Point"",""coordinates"":[-41.490193074914444,-12.614103344642997]}"
2_30_0,262,503,313,"{""geodesic"":false,""type"":""Point"",""coordinates"":[-41.50097888010709,-12.605036832859867]}"
2_31_0,226,481,273,"{""geodesic"":false,""type"":""Point"",""coordinates"":[-41.49557892474696,-12.60334104091802]}"
2_32_0,246,570,273,"{""geodesic"":false,""type"":""Point"",""coordinates"":[-41.49327532121167,-12.60376217543125]}"
2_33_0,267,540,304,"{""geodesic"":false,""type"":""Point"",""coordinates"":[-41.49480319849574,-12.606309960027064]}"
2_34_0,280,532,314,"{""geodesic"":false,""type"":""Point"",""coordinates"":[-41.49683726763376,-12.605433900729583]}"
2_35_0,253,586,336,"{""geodesic"":false,""type"":""Point"",""coordinates"":[-41.50216622052334,-12.605594050142304]}"
2_36_0,270,541,328,"{""geodesic"":false,""type"":""Point"",""coordinates"":[-41.4902989056811,-12.606341054226348]}"
2_37_0,326,630,418,"{""geodesic"":false,""type"":""Point"",""coordinates"":[-41.490241448870684,-12.603812587726143]}"
2_38_0,220,450,276,"{""geodesic"":false,""type"":""Point"",""coordinates"":[-41.50698787452094,-12.60249748981304]}"
2_39_0,268,527,272,"{""geodesic"":false,""type"":""Point"",""coordinates"":[-41.50284628788548,-12.602894664365685]}"
2_40_0,242,530,280,"{""geodesic"":false,""type"":""Point"",""coordinates"":[-41.506236764791026,-12.603661262035706]}"
2_41_0,278,464,339,"{""geodesic"":false,""type"":""Point"",""coordinates"":[-41.506774590777866,-12.597890579503549]}"
2_42_0,319,572,400,"{""geodesic"":false,""type"":""Point"",""coordinates"":[-41.512011550599325,-12.598049290804253]}"
2_43_0,314,516,410,"{""geodesic"":false,""type"":""Point"",""coordinates"":[-41.510829095665734,-12.597131075599407]}"
2_44_0,273,576,371,"{""geodesic"":false,""type"":""Point"",""coordinates"":[-41.51425283553199,-12.602231313674304]}"
2_45_0,267,547,326,"{""geodesic"":false,""type"":""Point"",""coordinates"":[-41.513683111395416,-12.603578038130571]}"
2_46_0,220,459,273,"{""geodesic"":false,""type"":""Point"",""coordinates"":[-41.50299087079041,-12.599014666985155]}"
2_47_0,286,514,358,"{""geodesic"":false,""type"":""Point"",""coordinates"":[-41.49918512669748,-12.594992659360758]}"
2_48_0,244,424,286,"{""geodesic"":false,""type"":""Point"",""coordinates"":[-41.501800866409624,-12.618950167406528]}"
2_49_0,304,782,419,"{""geodesic"":false,""type"":""Point"",""coordinates"":[-41.49867119900849,-12.619270203386495]}"
2_50_0,236,543,272,"{""geodesic"":false,""type"":""Point"",""coordinates"":[-41.50054244045792,-12.616857304734332]}"
2_51_0,203,424,268,"{""geodesic"":false,""type"":""Point"",""coordinates"":[-41.50503715521155,-12.617548170030881]}"
2_52_0,278,538,336,"{""geodesic"":false,""type"":""Point"",""coordinates"":[-41.505008951348906,-12.619624163097384]}"
2_53_0,255,499,304,"{""geodesic"":false,""type"":""Point"",""coordinates"":[-41.49874221731733,-12.620805829100268]}"
2_54_0,258,650,334,"{""geodesic"":false,""type"":""Point"",""coordinates"":[-41.49717491620625,-12.621146350051527]}"
2_55_0,242,480,259,"{""geodesic"":false,""type"":""Point"",""coordinates"":[-41.50250296718377,-12.62139683857253]}"
2_56_0,254,515,299,"{""geodesic"":false,""type"":""Point"",""coordinates"":[-41.49713463320645,-12.617354231319005]}"
2_57_0,249,516,329,"{""geodesic"":false,""type"":""Point"",""coordinates"":[-41.49907566534436,-12.616567229561207]}"
2_58_0,307,761,330,"{""geodesic"":false,""type"":""Point"",""coordinates"":[-41.49499379777803,-12.61931217512049]}"
2_59_0,250,527,299,"{""geodesic"":false,""type"":""Point"",""coordinates"":[-41.494837045188824,-12.617324048601166]}"
2_60_0,336,684,434,"{""geodesic"":false,""type"":""Point"",""coordinates"":[-41.49383594844248,-12.616588686014056]}"
2_61_0,234,477,250,"{""geodesic"":false,""type"":""Point"",""coordinates"":[-41.499533735658375,-12.623434228409014]}"
2_62_0,244,439,282,"{""geodesic"":false,""type"":""Point"",""coordinates"":[-41.49815637517571,-12.623325865085512]}"
2_63_0,248,445,288,"{""geodesic"":false,""type"":""Point"",""coordinates"":[-41.49815145854828,-12.623686904563023]}"
2_64_0,233,490,274,"{""geodesic"":false,""type"":""Point"",""coordinates"":[-41.49576682572793,-12.623294469193612]}"
2_65_0,264,440,330,"{""geodesic"":false,""type"":""Point"",""coordinates"":[-41.50006674393894,-12.624795368578347]}"
2_66_0,257,503,345,"{""geodesic"":false,""type"":""Point"",""coordinates"":[-41.494364862092354,-12.624991276956987]}"
2_67_0,265,548,312,"{""geodesic"":false,""type"":""Point"",""coordinates"":[-41.49383311773302,-12.623539873766637]}"
2_68_0,234,483,296,"{""geodesic"":false,""type"":""Point"",""coordinates"":[-41.49353524578824,-12.62516091722281]}"
2_69_0,217,514,275,"{""geodesic"":false,""type"":""Point"",""coordinates"":[-41.4914948387472,-12.626488202176901]}"
2_70_0,272,688,390,"{""geodesic"":false,""type"":""Point"",""coordinates"":[-41.49067384233902,-12.626026017836956]}"
2_71_0,264,492,325,"{""geodesic"":false,""type"":""Point"",""coordinates"":[-41.489950916300316,-12.625113746605239]}"
2_72_0,268,575,304,"{""geodesic"":false,""type"":""Point"",""coordinates"":[-41.49380234788354,-12.625796359784463]}"
2_73_0,319,612,410,"{""geodesic"":false,""type"":""Point"",""coordinates"":[-41.49268592783284,-12.626774703769167]}"
2_74_0,266,558,281,"{""geodesic"":false,""type"":""Point"",""coordinates"":[-41.49225348723322,-12.62478295255265]}"
2_75_0,400,1154,568,"{""geodesic"":false,""type"":""Point"",""coordinates"":[-41.490736259071284,-12.607971761665508]}"
2_76_0,252,550,287,"{""geodesic"":false,""type"":""Point"",""coordinates"":[-41.49400067952354,-12.60449390690994]}"
2_77_0,265,548,310,"{""geodesic"":false,""type"":""Point"",""coordinates"":[-41.49302174602994,-12.602133883246154]}"
2_78_0,344,692,414,"{""geodesic"":false,""type"":""Point"",""coordinates"":[-41.48791199596751,-12.606129111630207]}"
2_79_0,312,742,384,"{""geodesic"":false,""type"":""Point"",""coordinates"":[-41.503640297092744,-12.605342529813248]}"
2_80_0,258,504,280,"{""geodesic"":false,""type"":""Point"",""coordinates"":[-41.50513152016016,-12.603827351144979]}"
2_81_0,252,538,316,"{""geodesic"":false,""type"":""Point"",""coordinates"":[-41.504588696962635,-12.603188308824773]}"
2_82_0,462,900,636,"{""geodesic"":false,""type"":""Point"",""coordinates"":[-41.503950302194,-12.602818844633711]}"
2_83_0,387,813,560,"{""geodesic"":false,""type"":""Point"",""coordinates"":[-41.504244386519645,-12.608239292249902]}"
2_84_0,298,646,372,"{""geodesic"":false,""type"":""Point"",""coordinates"":[-41.497620165661274,-12.608694110014168]}"
2_85_0,229,496,291,"{""geodesic"":false,""type"":""Point"",""coordinates"":[-41.50068355754282,-12.606477383173477]}"
2_86_0,329,616,438,"{""geodesic"":false,""type"":""Point"",""coordinates"":[-41.49007450436334,-12.609317191049735]}"
2_87_0,376,803,410,"{""geodesic"":false,""type"":""Point"",""coordinates"":[-41.485879140652195,-12.606914834466043]}"
2_88_0,344,651,406,"{""geodesic"":false,""type"":""Point"",""coordinates"":[-41.49410336641481,-12.610453453226947]}"
2_89_0,248,546,291,"{""geodesic"":false,""type"":""Point"",""coordinates"":[-41.49890077159333,-12.602391580398294]}"
2_90_0,345,754,540,"{""geodesic"":false,""type"":""Point"",""coordinates"":[-41.51491963735866,-12.607295560317292]}"
2_91_0,339,632,428,"{""geodesic"":false,""type"":""Point"",""coordinates"":[-41.51220190902445,-12.611141988428525]}"
2_92_0,263,596,353,"{""geodesic"":false,""type"":""Point"",""coordinates"":[-41.50936026715003,-12.610563171463964]}"
2_93_0,414,763,580,"{""geodesic"":false,""type"":""Point"",""coordinates"":[-41.509564876379244,-12.609031137428245]}"
2_94_0,402,692,614,"{""geodesic"":false,""type"":""Point"",""coordinates"":[-41.51334997466173,-12.607816726944248]}"
2_95_0,296,562,388,"{""geodesic"":false,""type"":""Point"",""coordinates"":[-41.51383415789241,-12.612788310371503]}"
2_96_0,488,662,658,"{""geodesic"":false,""type"":""Point"",""coordinates"":[-41.50687279585362,-12.617752769504623]}"
2_97_0,363,562,508,"{""geodesic"":false,""type"":""Point"",""coordinates"":[-41.504519986014515,-12.621784392772005]}"
2_98_0,424,672,561,"{""geodesic"":false,""type"":""Point"",""coordinates"":[-41.50771341592402,-12.616770731433489]}"
2_99_0,258,539,345,"{""geodesic"":false,""type"":""Point"",""coordinates"":[-41.497298777988576,-12.618800802268224]}"
2_100_0,216,488,249,"{""geodesic"":false,""type"":""Point"",""coordinates"":[-41.49994312470141,-12.620370213042824]}"
2_101_0,382,1032,489,"{""geodesic"":false,""type"":""Point"",""coordinates"":[-41.485027405470774,-12.635611028763718]}"
2_102_0,323,913,424,"{""geodesic"":false,""type"":""Point"",""coordinates"":[-41.485559101577685,-12.637062441977744]}"
2_103_0,431,1010,548,"{""geodesic"":false,""type"":""Point"",""coordinates"":[-41.48792160000453,-12.639079656123293]}"
2_104_0,244,520,295,"{""geodesic"":false,""type"":""Point"",""coordinates"":[-41.48912384034596,-12.638553857851958]}"
2_105_0,262,527,308,"{""geodesic"":false,""type"":""Point"",""coordinates"":[-41.49068138557453,-12.638935487829734]}"
2_106_0,213,501,244,"{""geodesic"":false,""type"":""Point"",""coordinates"":[-41.495470608262636,-12.638276349838499]}"
2_107_0,248,456,300,"{""geodesic"":false,""type"":""Point"",""coordinates"":[-41.493302946732314,-12.635449275310226]}"
2_108_0,266,516,283,"{""geodesic"":false,""type"":""Point"",""coordinates"":[-41.49660062436791,-12.636305149290433]}"
2_109_0,254,545,281,"{""geodesic"":false,""type"":""Point"",""coordinates"":[-41.48634924391661,-12.639781114226448]}"
2_110_0,316,728,382,"{""geodesic"":false,""type"":""Point"",""coordinates"":[-41.48731086990148,-12.643404800331151]}"
2_111_0,322,788,363,"{""geodesic"":false,""type"":""Point"",""coordinates"":[-41.48951799417347,-12.643343638369833]}"
2_112_0,406,888,537,"{""geodesic"":false,""type"":""Point"",""coordinates"":[-41.49540532093844,-12.643060102820215]}"
2_113_0,246,490,284,"{""geodesic"":false,""type"":""Point"",""coordinates"":[-41.487206607480196,-12.644306174258057]}"
2_114_0,274,493,352,"{""geodesic"":false,""type"":""Point"",""coordinates"":[-41.49074246082486,-12.64119317497449]}"
2_115_0,231,476,250,"{""geodesic"":false,""type"":""Point"",""coordinates"":[-41.4946995935981,-12.640884196588006]}"
2_116_0,318,593,312,"{""geodesic"":false,""type"":""Point"",""coordinates"":[-41.48212754922665,-12.63927400371593]}"
2_117_0,236,495,272,"{""geodesic"":false,""type"":""Point"",""coordinates"":[-41.49151228141914,-12.638675609700389]}"
2_118_0,261,504,316,"{""geodesic"":false,""type"":""Point"",""coordinates"":[-41.49161347383856,-12.644725392112242]}"
2_119_0,236,490,268,"{""geodesic"":false,""type"":""Point"",""coordinates"":[-41.4939051345419,-12.645206963604293]}"
